<?xml version="1.0" encoding="UTF-8" standalone="yes"?>
<addon id="repository.seehdunotest" name="SEEHD UNO TEST" version="0.0.1" provider-name="SeeHD Uno">
	<extension point="xbmc.addon.repository" name="SEEHD UNO TEST">
		<dir>
			<info compressed="false">https://raw.githubusercontent.com/totalrevolution/python-koding/master/zips/addons.xml</info>
			<checksum>https://raw.githubusercontent.com/totalrevolution/python-koding/master/zips/addons.xml.md5</checksum>
			<datadir zip="true">https://raw.githubusercontent.com/totalrevolution/python-koding/master/zips/</datadir>
		</dir>
		<info compressed="false">https://raw.githubusercontent.com/seehduno/repository.seehdunotest/master/zips/addons.xml</info>
		<checksum>https://raw.githubusercontent.com/seehduno/repository.seehdunotest/master/zips/addons.xml.md5</checksum>
		<datadir zip="true">https://raw.githubusercontent.com/seehduno/repository.seehdunotest/master/zips/</datadir>
	</extension>
	<extension point="xbmc.addon.metadata">
		<summary lang="en">From here you can watch free HD movies</summary>
		<description lang="en">Using this repo you will be able to enjoy your favorite movies in HD for free.</description>
		<genre>adult,movies,trailers,tvshows,usa</genre>
	</extension>
</addon>